{
  "id": "bg3-combat-hud",
  "title": "BG3 Combat HUD",
  "description": "A Baldur's Gate 3-inspired combat HUD for FoundryVTT featuring bottom-panel interface with hotbar, action economy, and spell slot tracking.",
  "version": "1.0.0",
  "authors": [
    {
      "name": "FoundryVTT Module Developer"
    }
  ],
  "compatibility": {
    "minimum": "11",
    "verified": "13",
    "maximum": "13"
  },
  "esmodules": [
    "scripts/module.js"
  ],
  "styles": [
    "styles/hud.css"
  ],
  "languages": [
    {
      "lang": "en",
      "name": "English",
      "path": "lang/en.json"
    }
  ],
  "url": "https://github.com/yourusername/bg3-combat-hud",
  "manifest": "https://github.com/yourusername/bg3-combat-hud/releases/latest/download/module.json",
  "download": "https://github.com/yourusername/bg3-combat-hud/releases/latest/download/module.zip"
}
